"Returns","GRI","SAT","MBA","Age","Tenure","MFP.Fitted","MFP.Residuals","Step.Residuals","Step.Fitted"
-4.363356706,"Growth",1070,"No",45,5,0.60936750535625,-4.97272421135625,-4.9672011963452,0.603844490345195
1.243736802,"GRI",952,"No",79,13,-6.43277498041803,7.67651178241803,7.67589102685627,-6.43215422485627
-6.651517894,"GRI",952,"No",76,23,-6.00183846269729,-0.649679431302708,-0.538650057441238,-6.11286783655876
-10.5096128,"GRI",970,"Yes",46,7,-1.61266113484357,-8.89695166515643,-8.87555291779033,-1.63405988220967
-9.343926331,"GRI",930,"No",36,1,-1.99385839738301,-7.35006793361699,-7.37102189660056,-1.97290443439944
-3.504506152,"Growth",1070,"No",44,4,0.707833616913779,-4.21233976891378,-4.21477943844465,0.710273286444645
-4.532366986,"Growth",1025,"No",39,4,1.01025018741067,-5.54261717341067,-5.53508062197109,1.00271363597109
16.86483909,"Growth",1072,"Yes",46,4,1.69321904024303,15.171620049757,15.1667072820575,1.69813180794246
-1.690140219,"GRI",1055,"No",42,2,-1.96444053242778,0.274300313427775,0.25549357263501,-1.94563379163501
-11.53208307,"GRI",952,"No",75,22,-5.90337235114008,-5.62871071885992,-5.52564402954039,-6.00643904045961
0.929437332,"Growth",1050,"No",30,0,2.08304418276967,-1.15360685076967,-1.16430415273546,2.09374148473546
6.212409985,"Growth",937.3,"No",35,1,0.942823673061306,5.26958631193869,5.25113690765481,0.96127307734519
1.977537759,"Growth",1145,"No",44,2,1.09038835157364,0.887149407426357,0.867758420939713,1.10977933806029
-1.573437515,"Growth",1332,"Yes",50,14,2.76038745627861,-4.33382497127861,-4.23080845081335,2.65737093581335
-5.818572756,"Growth",1215,"Yes",45,5,2.58169940774085,-8.40027216374085,-8.38485823178878,2.56628547578878
7.247220596,"Growth",1050,"No",30,2,2.10389621093105,5.14332438506895,5.15347911126454,2.09374148473546
1.477808787,"Growth",1230,"Yes",49,3,2.205960229592,-0.728151442591998,-0.742662714715244,2.22047150171524
1.339313318,"Growth",1025,"No",37,2,1.20718241052513,0.132130907474866,0.123742089830582,1.21557122816942
1.981272422,"GRI",1060,"No",38,5,-1.4707002034459,3.4519726254459,3.47455729246397,-1.49328487046397
-5.483049643,"GRI",1120,"Yes",57,0,-2.07664308978313,-3.40640655321687,-3.47728510693079,-2.00576453606921
1.730614253,"GRI",1085,"Yes",39,0,-0.304841317616994,2.03545557061699,2.00709661670487,-0.276482363704867
1.401098252,"Growth",1095,"Yes",41,0,2.31968701937508,-0.918588767375084,-0.951692725600411,2.35279097760041
2.465082787,"Growth",1120,"Yes",39,0,2.67194019159136,-0.206857404591361,-0.233734466670622,2.69881725367062
-1.758400767,"Growth",1340,"Yes",35,1,4.30126121249946,-6.05966197949946,-6.05481762313983,4.29641685613983
-6.843692372,"GRI",1085,"Yes",48,1,-1.27444443427766,-5.56924793772234,-5.60935084340264,-1.23434152859736
0.185788176,"GRI",1060,"No",36,0,-1.30504602257351,1.49083419857351,1.46621545426564,-1.28042727826564
-2.320469768,"Growth",1105,"Yes",39,0,2.59125883902711,-4.91172860702711,-4.93938581134749,2.61891604334749
3.546320024,"Growth",1215,"Yes",44,0,2.63846146297531,0.90785856102469,0.873605752112057,2.67271427188794
1.132157906,"GRI",1085,"Yes",48,2,-1.26401842019697,2.39617632619697,2.36649943459736,-1.23434152859736
-3.712475302,"Growth",1080,"No",67,17,-1.6073595213334,-2.1051157806666,-2.0281537517126,-1.6843215502874
-1.763748556,"GRI",1055,"No",44,4,-2.16137275554225,0.397624199542245,0.394742827833341,-2.15849138383334
2.2477908,"Growth",1230,"Yes",46,2,2.52221059242509,-0.274419792425091,-0.291967090012739,2.53975789001274
4.071266835,"Growth",1055,"Yes",35,0,2.75788949969799,1.31337733530201,1.29297297499961,2.77829386000039
-0.722770542,"Growth",998,"Yes",45,5,1.41450917397801,-2.13727971597801,-2.13315184178085,1.41038129978085
2.047061893,"Growth",1290,"Yes",41,1,3.37897061679105,-1.33190872379105,-1.34444481880108,3.39150671180108
-3.433684497,"Growth",1250,"Yes",49,1,2.29268333818295,-5.72636783518294,-5.76069094581275,2.32700644881275
-0.008640133,"GRI",1230,"Yes",42,5,0.20053211732712,-0.20917225032712,-0.185249747454543,0.176609614454543
-2.246198403,"Growth",1340,"Yes",43,6,3.4822542777995,-5.7284526807995,-5.69118489034651,3.44498648734651
-2.73902661,"GRI",1285,"Yes",60,6,-1.45326850400598,-1.28575810599402,-1.2928889991877,-1.4461376108123
-6.589610822,"GRI",1060,"No",38,2,-1.50197824568798,-5.08763257631202,-5.09632595153603,-1.49328487046397
5.461553362,"Growth",1335,"Yes",56,0,1.97720677583418,3.48434658616582,3.42677496071701,2.03477840128299
1.897621474,"Growth",1145,"No",47,5,0.794990016901939,1.10263145709806,1.10712852423721,0.790492949762791
-1.397739196,"Growth",998,"Yes",47,7,1.21757695086354,-2.61531614686354,-2.59526290358252,1.19752370758252
-2.164396077,"Growth",996.2,"No",43,4,0.419773487935585,-2.58416956493559,-2.58798420475402,0.423588127754019
10.10203554,"Growth",1075,"Yes",31,1,3.31145915308273,6.79057638691727,6.79149154850544,3.31054399149456
6.020065223,"Growth",1335,"Yes",56,0,1.97720677583418,4.04285844716582,3.98528682171701,2.03477840128299
13.33592962,"Growth",1348,"Yes",32,2,4.68139365819487,8.65453596180513,8.67761239672367,4.65831722327633
-3.010296733,"Growth",1332,"Yes",45,0,3.15888388733854,-6.16918062033854,-6.19981164930918,3.18951491630918
9.402921895,"GRI",1340,"No",60,13,-2.27686694030208,11.6797888353021,11.7461510202805,-2.34322912528055
2.495918068,"GRI",1055,"No",46,6,-2.35830497865672,4.85422304665672,4.86726704403167,-2.37134897603167
-6.490028851,"GRI",1310,"No",46,0,-1.0492780695486,-5.4407507814514,-5.47700045046151,-1.01302840053849
4.56615815,"Growth",1269,"Yes",48,6,2.55590191413906,2.01025623586094,2.03151470534546,2.53464344465454
-2.060698548,"Growth",1170,"Yes",37,5,3.21079235515153,-5.27149090315153,-5.23871076161271,3.17801221361271
-12.84574451,"Growth",1070,"No",65,23,-1.38080675394954,-11.4649377560505,-11.3210130783622,-1.52473143163783
-2.18050107,"Growth",1340,"Yes",44,0,3.31080606767741,-5.49130713767741,-5.51905876124734,3.33855769124734
-5.396492455,"Growth",970,"Yes",46,3,1.13415982872543,-6.53065228372543,-6.55129603274518,1.15480357774518
5.649780992,"Growth",1235,"Yes",31,2,4.18248626118211,1.46729473081789,1.4869574237254,4.1628235682746
4.063390384,"Growth",1072,"Yes",46,0,1.65151498392025,2.41187540007975,2.36525857605755,1.69813180794245
1.901872466,"Growth",940,"Yes",46,6,1.00407516583901,0.897797300160995,0.906871308901074,0.995001157098925
3.281360179,"Growth",1170,"Yes",49,6,1.91451286157707,1.36684731742293,1.38049351857727,1.90086666042273
-0.89349288,"GRI",1375,"Yes",35,0,1.69056666784358,-2.58405954784358,-2.58748243360561,1.69398955360561
5.501526716,"Growth",1220,"Yes",44,0,2.66535524716339,2.83617146883661,2.80217870733768,2.69934800866232
-7.134015697,"Growth",1335,"Yes",55,8,2.16950701411765,-9.30352271111765,-9.27522289438215,2.14120719738215
1.796405658,"Growth",1045,"No",42,5,0.801574961329907,0.994830696670093,1.0064434632289,0.789962194771096
6.268386717,"Growth",1269,"No",47,4,1.45152985068572,4.81685686631428,4.81737709523268,1.45100962176732
1.76948803,"Growth",1235,"No",53,1,0.584021322137099,1.1854667078629,1.13816059489343,0.631327435106569
-3.680721984,"Growth",1217,"No",49,2,0.933198215692407,-4.61392019969241,-4.64188315111547,0.961161167115475
-2.432072915,"GRI",1030,"No",39,10,-1.68882496380886,-0.743247951191144,-0.672556827790605,-1.75951608720939
5.897404543,"Growth",1015,"No",38,2,1.04450271651104,4.85290182648896,4.8415295844785,1.0558749585215
4.713371324,"Growth",1170,"Yes",45,2,2.30837730780601,2.40499401619399,2.38678947918061,2.32658184481939
-3.003768635,"Growth",1065,"No",60,0,-1.10303823380395,-1.90073040119605,-1.98454744708362,-1.01922118791638
-0.223988003,"GRI",1375,"Yes",35,0,1.69056666784358,-1.91455467084358,-1.91797755660561,1.69398955360561
-3.61512191,"Growth",1070,"No",37,3,1.45965248229858,-5.07477439229858,-5.0703967691388,1.4552748591388
10.07673093,"Growth",1290,"Yes",35,6,4.08445344102209,5.99227748897791,6.04665144160393,4.03007948839607
6.70353944,"Growth",1120,"No",49,1,0.401032788362886,6.30250665163711,6.25907276630742,0.44446667369258
7.364161959,"Growth",917.7,"Yes",29,1,2.68316495380147,4.68099700519853,4.67865773422898,2.68550422477102
0.194208264,"Growth",1100,"Yes",35,5,3.05206362779421,-2.85785536379421,-2.82378922696978,3.01799749096978
1.686605454,"Growth",1070,"No",37,3,1.45965248229858,0.226952971701418,0.231330594861198,1.4552748591388
-0.54767725,"Growth",952,"Yes",32,5,2.58268399274072,-3.13036124274072,-3.09660252074574,2.54892527074574
-5.503636821,"GRI",1290,"No",66,10,-3.23043557825258,-2.27320124274742,-2.2554975513807,-3.2481392696193
-2.735127403,"Growth",1265,"Yes",33,0,4.10521268687337,-6.84034008987337,-6.84489579972252,4.10976839672252
4.468918418,"Growth",1150,"No",35,7,2.14944133690656,2.31947708109344,2.37464617827285,2.09427223972715
-1.580314663,"Growth",1330,"Yes",33,1,4.46525789539915,-6.04557255839915,-6.03632163778941,4.45600697478941
-0.820921222,"Growth",1170,"No",48,4,0.810140798123736,-1.63106202012374,-1.63815405953551,0.817232837535507
-4.896767067,"GRI",960,"Yes",57,24,-2.68701984586515,-2.20974722113485,-2.03872295415075,-2.85804411284925
-0.923354864,"Growth",950,"Yes",54,1,0.134595658708273,-1.05795052270827,-1.12019312585436,0.196838261854356
1.107383309,"Growth",912,"No",40,0,0.251854482799265,0.855528826200735,0.813020920228978,0.294362388771022
8.436965558,"Growth",981,"No",32,2,1.51497773785964,6.92198782014036,6.92362723294927,1.51333832505073
-2.236576592,"Growth",1070,"No",60,9,-0.982310322889618,-1.25426626911038,-1.243989140858,-0.992587451142
9.370481879,"GRI",970,"Yes",43,1,-1.34854084241394,10.7190227214139,10.6852553729122,-1.31477349391218
-5.161662876,"Growth",1141,"No",29,0,2.68140318063072,-7.84306605663072,-7.84656716612827,2.68490429012827
-5.52450135,"Growth",1045,"No",44,7,0.604642738215437,-6.12914408821544,-6.10160595257277,0.577104602572765
-1.199545248,"GRI",1170,"Yes",47,4,-0.677079935200224,-0.522465312799776,-0.524406040666203,-0.675139207333797
7.108654456,"Growth",1310,"No",46,1,1.74967296442386,5.35898149157614,5.33281939658363,1.77583505941637
1.316968833,"GRI",996.2,"Yes",42,2,-1.08829927354976,2.40526810654976,2.38575275011528,-1.06878391711528
-3.551387051,"Growth",1332,"Yes",47,11,3.05578579095032,-6.60717284195032,-6.52804437511085,2.97665732411085
0.950751533,"Growth",950,"Yes",54,3,0.155447686869661,0.795303846130339,0.753913271145645,0.196838261854355
0.933055045,"Growth",1025,"No",52,9,-0.353217375478941,1.28627242047894,1.31391575831806,-0.380860713318062
-5.912927684,"GRI",1152,"Yes",48,1,-0.914067726157334,-4.99885995784267,-5.03547822817928,-0.877449455820716
-4.806535368,"GRI",1290,"Yes",41,1,0.590445596899279,-5.39698096489928,-5.40917861984622,0.602643251846222
4.366549752,"Growth",1370,"No",60,0,0.537482601669165,3.82906715033083,3.76111299667943,0.605436755320566
-0.780318563,"GRI",1132,"Yes",40,0,-0.160931871886934,-0.619386691113066,-0.647764528875102,-0.132554034124898
-1.776730251,"GRI",1370,"Yes",48,7,0.321057348927282,-2.09778759992728,-2.06051171854208,0.283781467542082
-0.141682157,"Growth",994,"No",31,2,1.69379370238659,-1.83547585938659,-1.83069699376328,1.68901483676328
13.48111293,"Growth",1225,"Yes",51,1,1.94043016596667,11.5406827640333,11.5001327572575,1.98098017274254
3.665220854,"GRI",1330,"No",30,0,0.800571077410593,2.86464977658941,2.86885356985434,0.796367284145659
-1.323680949,"GRI",1055,"No",51,9,-2.87148756460428,1.54780661560428,1.5798120075275,-2.9034929565275
2.933518812,"Growth",1050,"No",35,7,1.61156565314488,1.32195315885512,1.37192130776037,1.56159750423963
-0.508704424,"Growth",967.2,"Yes",33,2,2.52427092879248,-3.03297535279248,-3.03216745844068,2.52346303444068
5.931705447,"GRI",1370,"Yes",44,0,0.683643752914139,5.24806169408586,5.22220879506126,0.709496651938744
-7.45758553,"Growth",950,"Yes",52,1,0.35237990998413,-7.80996543998413,-7.86728138405269,0.409695854052686
-0.382644988,"Growth",1269,"Yes",41,1,3.26601672320109,-3.64866171120109,-3.6622900053487,3.2796450173487
0.846084187,"GRI",1120,"Yes",35,5,0.371113744654778,0.474970442345222,0.510415208887574,0.335668978112426
5.628443579,"Growth",1055,"No",45,4,0.518260138711595,5.1101834402884,5.10450029897765,0.523943280022351
-0.871222516,"Growth",1080,"Yes",31,1,3.33835293727081,-4.20957545327081,-4.20840024426894,3.33717772826894
-2.566781728,"GRI",1290,"Yes",45,5,0.19658115067034,-2.76336287867034,-2.74370979544956,0.176928067449561
-3.602322902,"GRI",1370,"No",44,8,-0.425360295370189,-3.17696260662981,-3.12175693495235,-0.480565967047646
-0.295223675,"Growth",1145,"No",43,8,1.26183656169574,-1.55706023669574,-1.51143180915945,1.21620813415945
6.375609589,"Growth",1120,"Yes",40,4,2.60475212227621,3.77085746672379,3.78322113142854,2.59238845757146
-1.896637795,"GRI",985,"Yes",48,2,-1.80189410395864,-0.0947436910413583,-0.129621530915122,-1.76701626408488
0.447580593,"GRI",1120,"Yes",29,1,0.982762442159576,-0.535181849159575,-0.526661161707418,0.974241754707418
0.141692428,"Growth",1330,"Yes",35,3,4.26832567228468,-4.12663324428468,-4.10145695459108,4.24314938259108
-5.862903012,"GRI",970,"Yes",36,3,-0.565443934787051,-5.29745907721295,-5.29313109078198,-0.569771921218023
5.451477807,"Growth",1269,"No",45,3,1.65888808788089,3.79258971911911,3.78761059303435,1.66386721396565
8.940942348,"Growth",1355,"Yes",32,1,4.7086189419775,4.2323234060225,4.24533789323954,4.69560445476046
-2.199838624,"Growth",897.2,"No",34,0,0.82560163543011,-3.02544025943011,-3.05393792851386,0.854099304513861
3.716587531,"Growth",1165,"Yes",48,17,2.11119735791455,1.60539017308545,1.73592581125248,1.98066171974752
2.803689933,"GRI",1375,"Yes",39,4,1.29670222161464,1.50698771138536,1.53541556379105,1.26827436920895
-2.01694559,"Growth",1095,"Yes",44,1,2.00343665654199,-4.02038224654199,-4.05045017930292,2.03350458930292
-0.322476746,"GRI",1122,"No",30,0,-0.318210344813694,-0.00426640118630595,-0.0108805803316135,-0.311596165668386
-3.355741753,"GRI",970,"Yes",49,10,-1.90805946951527,-1.44768228348473,-1.40239548249283,-1.95334627050717
-2.605330786,"Growth",1105,"Yes",40,1,2.49279272746987,-5.09812351346987,-5.11781803324833,2.51248724724833
-3.605841788,"GRI",1080,"No",55,0,-3.26642127294182,-0.339420515058182,-0.409802330947722,-3.19603945705228
9.280262371,"Growth",1335,"Yes",43,4,3.43450846545003,5.84575390554997,5.86190962042787,3.41835275057213
5.866192965,"Growth",1015,"Yes",63,32,-0.172607841086486,6.03880080608649,6.28097528997124,-0.414782324971243
-1.547772403,"Growth",1080,"Yes",31,4,3.3696309795129,-4.9174033825129,-4.88495013126894,3.33717772826894
2.604627852,"GRI",1375,"Yes",40,5,1.19823611005741,1.40639174194259,1.44278227889022,1.16184557310978
-0.95312659,"Growth",1095,"Yes",49,0,1.44855001427165,-2.40167660427165,-2.45448719880709,1.50136060880709
-12.78899762,"GRI",952,"No",75,9,-6.0389105341891,-6.7500870858109,-6.78255857954039,-6.00643904045961
-1.433152,"GRI",1125,"Yes",35,6,0.408433542923556,-1.84158554292356,-1.7954547148868,0.362302714886802
-0.160912664,"Growth",1120,"No",55,4,-0.221041923222604,0.0601292592226045,0.0331934389024117,-0.194106102902412
5.902275294,"Growth",1348,"Yes",30,0,4.87832588130934,1.02394941269066,1.03110047852534,4.87117481547466
1.11918623,"Growth",1370,"No",61,1,0.439016490111931,0.680169739888069,0.620178270778599,0.499007959221401
-7.880810775,"Growth",1155,"Yes",47,4,2.03076373212729,-9.91157450712729,-9.91463381729793,2.03382304229793
-2.983856456,"GRI",912,"No",43,3,-2.83206887176421,-0.151787584235792,-0.170068996518668,-2.81378745948133
5.812292524,"Growth",1290,"No",32,3,3.18743961476391,2.62485290923609,2.65298926629282,3.15930325770718
6.234747024,"Growth",1340,"No",66,6,-0.214676772802746,6.44942379680275,6.42768546592068,-0.192938441920682
-0.540767759,"Growth",1072,"No",39,5,1.27347777285935,-1.81424553185935,-1.79383852065022,1.25307076165022
7.515340442,"Growth",1025,"No",31,4,1.8813871925141,5.6339532494859,5.66119643723559,1.85414400476441
2.786835107,"GRI",1375,"Yes",31,0,2.1261351703953,0.660699936604701,0.667130368997731,2.11970473800227
0.274052265,"GRI",1085,"Yes",47,0,-1.17597832272042,1.45003058772042,1.40196499749819,-1.12791273249819
5.654807865,"GRI",1370,"Yes",61,5,-1.11539231252718,6.77020017752718,6.75460074674707,-1.09979288174707
3.895246381,"Growth",1335,"Yes",46,7,3.13911013077832,0.756136250221679,0.796180018725362,3.09906636227464
-8.097808418,"GRI",930,"No",38,3,-2.19079062049746,-5.90701779750254,-5.91204639140225,-2.18576202659775
4.438576634,"Growth",1070,"No",57,6,-0.686911988217912,5.12548862221791,5.1118776968445,-0.673301062844503
5.565891327,"GRI",1330,"Yes",31,0,1.88409111270254,3.68180021429746,3.68589021996712,1.88000110703288
-2.517296011,"GRI",1075,"Yes",31,1,0.522934133190962,-3.04023014419096,-3.0389765425397,0.521680531539702
9.48524261,"Growth",845,"Yes",32,1,1.96545295479295,7.51978965520705,7.50627930622591,1.97896330377409
-1.292668986,"Growth",1095,"Yes",43,1,2.11232878217992,-3.40499776817992,-3.43260237140208,2.13993338540208
9.082113629,"Growth",1160,"Yes",50,0,1.68927708307882,7.39283654592118,7.34094323822519,1.74117039077481
-1.275620323,"Growth",1190,"Yes",64,1,0.336576043357007,-1.61219636635701,-1.68658998903276,0.410969666032756
5.211195063,"Growth",1085,"Yes",30,0,3.46371283301613,1.74748222998387,1.74095480185752,3.47024026114248
-6.907587317,"Growth",910,"No",37,0,0.567773346037819,-7.47536066303782,-7.51058259935877,0.602995282358767
3.635974172,"Growth",1025,"No",42,7,0.714851852738958,2.92112231926104,2.95254692432641,0.683427247673591
5.413385143,"Growth",1150,"Yes",46,1,2.08148403133506,3.33190111166494,3.29976704137728,2.11361810162272
2.083575059,"GRI",1160,"Yes",51,2,-1.18728803428949,3.27086309328949,3.23769692427921,-1.15412186527921
8.409519498,"GRI",1330,"Yes",35,3,1.47980065239291,6.92971884560709,6.95523357536378,1.45428592263622
0.856682361,"Growth",1165,"Yes",47,16,2.20966346947179,-1.35298110847179,-1.23040815484669,2.08709051584669
4.026789826,"Growth",1025,"Yes",45,4,1.54930959451297,2.47748023148703,2.47258634763752,1.55420347836248
2.846869078,"Growth",1008,"No",52,3,-0.507212326202589,3.35408140420259,3.31828449635094,-0.47141541835094
0.670162458,"Growth",1025,"No",50,7,-0.156285152364471,0.826447610364471,0.838165579119731,-0.168003121119731
-6.445012723,"GRI",1055,"No",49,7,-2.67455534148981,-3.77045738151019,-3.75437735867083,-2.69063536432917
2.320326271,"GRI",1152,"Yes",28,0,1.25334877252055,1.06697749847945,1.06919980483741,1.25112646616259
5.349664418,"Growth",1072,"Yes",47,5,1.59475292868579,3.75491148931421,3.75796140615671,1.59170301184329
-6.78699563,"GRI",1290,"No",71,15,-3.72276613603875,-3.06422949396125,-3.00671237988487,-3.78028325011513
6.324464979,"Growth",1345,"No",29,0,3.77866957550454,2.54579540349546,2.55290422847719,3.77156075052281
1.770963698,"Growth",1235,"No",52,0,0.682487433694334,1.08847626430567,1.03320746679427,0.737756231205735
-6.816305017,"Growth",1269,"No",44,1,1.74692818535743,-8.56323320235743,-8.58660102706481,1.77029601006481
6.965379568,"Growth",1170,"No",27,0,3.05517138019746,3.91020818780254,3.91314201238202,3.05223755561798
-7.381821689,"GRI",1050,"No",55,5,-3.37565390766685,-4.00616778133315,-4.02597981130146,-3.35584187769854
5.10784609,"Growth",996.2,"No",42,3,0.518239599492821,4.58960649050718,4.57782916614681,0.530016923853186
-1.956485945,"Growth",1120,"Yes",36,0,2.99861656850515,-4.95510251350515,-4.97458958696812,3.01810364196812
2.187400241,"GRI",1370,"Yes",43,2,0.813387906713457,1.37401233428654,1.37147479296209,0.815925448037909
-0.741557311,"GRI",1290,"Yes",52,6,-0.555237714714468,-0.186319596285532,-0.173483805755403,-0.568073505244597
1.022313106,"GRI",1060,"No",37,1,-1.40351213413074,2.42582524013074,2.40916918036481,-1.38685607436481
8.26582587,"Growth",1375,"No",50,5,1.70542771264001,6.56039815735999,6.5694674169134,1.6963584530866
2.865354631,"Growth",1330,"Yes",34,2,4.36679178384191,-1.50143715284191,-1.48422354769025,4.34957817869025
1.859430996,"GRI",1070,"No",37,2,-1.33929855167388,3.19872954767388,3.19301959681606,-1.33358860081606
2.177388237,"GRI",1100,"Yes",24,0,1.40922191951619,0.768166317483811,0.777537448894261,1.39985078810574
-3.593669835,"GRI",996.2,"No",46,7,-2.66414986662789,-0.929519968372113,-0.909108114501666,-2.68456172049833
-2.012886452,"Growth",1095,"Yes",43,0,2.10190276809923,-4.11478922009923,-4.15281983740208,2.13993338540208
2.221322236,"GRI",1060,"No",37,1,-1.40351213413074,3.62483437013074,3.60817831036481,-1.38685607436481
6.536861475,"Growth",1290,"Yes",43,3,3.18203839367658,3.35482308132342,3.35821235539725,3.17864911960275
3.748432635,"Growth",1269,"Yes",49,1,2.39487971809766,1.35355291690234,1.32021798644462,2.42821464855538
-6.198648444,"GRI",1330,"Yes",32,1,1.78562500114531,-7.98427344514531,-7.97222075493372,1.77357231093372
0.995557218,"Growth",1335,"Yes",49,0,2.73945165529968,-1.74389443729968,-1.78422275597714,2.77977997397714
13.84769792,"Growth",1015,"No",36,0,1.24143493962551,12.6062629803745,12.5789653692802,1.26873255071983
5.033237378,"GRI",1125,"Yes",34,5,0.50689965448079,4.52633772351921,4.56450586701403,0.468731510985968
1.965451775,"GRI",1030,"Yes",33,1,0.0631058242223514,1.90234595077765,1.89633246662801,0.0691193083719872
3.772203057,"Growth",1226,"Yes",43,0,2.80651991382702,0.965683143172978,0.934465768109266,2.83773728889073
8.651208061,"Growth",1025,"No",49,6,-0.0578190408072334,8.70902710180723,8.71278238602057,-0.0615743250205671
4.033810498,"GRI",1345,"Yes",50,2,-0.0833258936924635,4.11713639169246,4.09605530652813,-0.0622448085281277
10.02846985,"Growth",855,"Yes",35,3,1.71341617441672,8.31505367558328,8.31552546097465,1.71294438902535
-6.958793676,"GRI",1330,"Yes",33,2,1.68715888958807,-8.64595256558807,-8.62593719083455,1.66714351483455
-4.486553177,"Growth",1370,"Yes",48,7,3.10958236881905,-7.59613554581905,-7.55919810449694,3.07264492749694
1.96736224,"Growth",1074,"Yes",49,5,1.38772619108517,0.579636048914829,0.577863325645291,1.38949891435471
3.074185472,"GRI",1370,"No",46,1,-0.716126645210904,3.7903121172109,3.76760903124598,-0.693423559245977
2.148994427,"Growth",996.2,"No",34,2,1.37895059051556,0.770043836484443,0.767547134353493,1.38144729264651
-0.333075862,"Growth",1335,"Yes",54,7,2.26797312567489,-2.60104898767489,-2.58071185548132,2.24763599348132
-1.117151649,"Growth",1077,"Yes",48,2,1.48147654499387,-2.59862819399387,-2.6290596015185,1.5119079525185
-2.755408083,"Growth",1310,"No",46,3,1.77052499258525,-4.52593307558525,-4.53124314241637,1.77583505941637
0.64560562,"GRI",1120,"Yes",30,0,0.863444302440953,-0.217838682440953,-0.222207338608252,0.867812958608252
-0.791985671,"GRI",1355,"No",56,0,-1.89615526823514,1.10416959723514,1.04562705956076,-1.83761273056076
-7.948435568,"GRI",1195,"Yes",59,5,-1.83889050783426,-6.10954506016574,-6.1293194913481,-1.8191160766519
8.442956034,"Growth",985,"Yes",47,1,1.08509702749036,7.35785900650964,7.31468004203085,1.12827599196915
0.959556923,"Growth",1150,"No",31,6,2.57458382537758,-1.61502690237758,-1.56043050112381,2.51998742412381
4.169338505,"Growth",1060,"Yes",35,1,2.79520929796676,1.37412920703324,1.36441090822523,2.80492759677477
3.663307536,"Growth",1009,"No",43,9,0.54075164586055,3.12255589013945,3.17153704210358,0.491770493896421
6.802967794,"GRI",1370,"Yes",42,1,0.911854018270691,5.89111377572931,5.88061354986293,0.922354244137073
-0.401777288,"Growth",1152,"Yes",51,1,1.54778091682065,-1.94955820482065,-1.99390490383665,1.59212761583665
9.174704718,"Growth",1152,"Yes",52,4,1.4701668334248,7.7045378845752,7.68900589826252,1.48569881973748
2.493064119,"GRI",985,"Yes",49,3,-1.90036021551588,4.39342433451588,4.36650917918404,-1.87344506018404
-4.1643228,"Growth",1269,"Yes",49,0,2.38445370401697,-6.54877650401697,-6.59253744855538,2.42821464855538
-7.000065796,"Growth",1025,"No",48,5,0.0406470707499995,-7.04071286675,-7.0449202670786,0.0448544710785992
-4.556832849,"GRI",1160,"Yes",54,0,-1.53481643936467,-3.02201640963533,-3.08342459542329,-1.47340825357671
-0.600256291,"GRI",985,"Yes",31,3,0.0596980459668424,-0.659954336966842,-0.642529560600932,0.042273269600932
-10.41569529,"GRI",917.4,"Yes",32,5,-0.391946013732591,-10.0237492762674,-9.9914516423122,-0.424243647687799
9.53458756,"Growth",1170,"Yes",33,5,3.64636085770324,5.88822670229676,5.93086016199062,3.60372739800938
-11.52400126,"GRI",1009,"Yes",52,0,-2.12922447056894,-9.39477678943106,-9.45911174803547,-2.06488951196453
0.833935946,"Growth",1170,"Yes",31,1,3.82244105265632,-2.98850510665632,-2.98264904420771,3.81658499020771
-3.846719194,"GRI",1065,"Yes",34,0,0.132044173820315,-3.97876336782031,-3.99584586369345,0.149126669693455
6.816477923,"Growth",1170,"Yes",28,0,4.13869141548941,2.67778650751058,2.6806065444948,4.1358713785052
5.796214417,"Growth",1060,"Yes",40,1,2.25074866977712,3.54546574722288,3.52343080072106,2.27278361627894
8.040071383,"Growth",1355,"Yes",41,2,3.73901582531683,4.30105555768317,4.30232609313203,3.73774528986797
3.374960546,"Growth",1025,"No",49,2,-0.0995230971300134,3.47448364313001,3.43653487102057,-0.0615743250205667
-2.755233769,"GRI",1152,"Yes",30,2,1.05641654940608,-3.81165031840608,-3.79350264296426,1.03826887396426
10.74921294,"Growth",1041,"Yes",44,2,1.72340980139138,9.02580313860862,9.00335270786035,1.74586023213965
-4.518759742,"GRI",1120,"Yes",59,8,-2.21101922841343,-2.30774051358657,-2.30013761373246,-2.21862212826754
1.341744296,"GRI",1281,"Yes",47,0,-0.121741982547539,1.46348627854754,1.42561454694265,-0.083870250942647
-3.057152287,"GRI",1122,"No",31,1,-0.416676456370929,-2.64047583062907,-2.63912732523245,-0.418024961767553
-0.786000089,"GRI",1370,"No",46,2,-0.70570063113021,-0.0802994578697902,-0.0925765297540235,-0.693423559245976
2.509343188,"GRI",1330,"Yes",37,5,1.28286842927844,1.22647475872156,1.26791485756211,1.24142833043789
9.699178461,"Growth",1375,"No",48,3,1.90235993575448,7.79681852524552,7.78996241571507,1.90921604528493
0.435512534,"GRI",1045,"Yes",30,0,0.460037539619695,-0.0245250056196952,-0.0327943729926107,0.468306906992611
5.813420565,"GRI",1150,"Yes",32,3,0.83830079853568,4.97511976646432,4.99866277794382,0.814757787056179
3.0431599,"GRI",1370,"Yes",46,5,0.517989572041752,2.52517032795825,2.54652084025959,0.496639059740413
0.930956598,"GRI",1141,"No",29,1,-0.0966958251803528,1.02765242318035,1.03491576782659,-0.103959169826592
1.130746883,"GRI",1355,"No",42,1,-0.361239495223439,1.49198637822344,1.47835646817244,-0.347609585172443
-0.480121112,"Growth",1055,"No",47,0,0.25877183111296,-0.73889294311296,-0.791206799824021,0.311085687824021
3.700865208,"GRI",1216,"Yes",45,1,-0.243150911636077,3.94401611963608,3.91811644481121,-0.217251236811206
6.804040981,"Growth",1170,"Yes",29,1,4.04022530393218,2.76381567706782,2.77459839859396,4.02944258240604
3.153676665,"GRI",1120,"Yes",62,1,-2.61067770389208,5.76435436889208,5.69158518156504,-2.53790851656504
4.463515207,"Growth",1370,"Yes",39,0,4.01662940099555,0.446885806004448,0.433011114610572,4.03050409238943
2.449683879,"Growth",1025,"No",48,1,-0.00105698557277822,2.45074086457278,2.4048294079214,0.0448544710785987
-2.216404932,"Growth",1045,"Yes",44,2,1.74492482874185,-3.96132976074185,-3.98357215355915,1.76716722155915
-2.171096428,"GRI",1345,"Yes",49,1,0.0151402178647708,-2.18623664586477,-2.21528041557104,0.0441839875710364
0.749839249,"GRI",1095,"Yes",32,0,0.511191130224676,0.238648118775324,0.228052566461959,0.521786682538041
7.691233969,"GRI",1330,"No",31,1,0.702104965853358,6.98912900314664,7.00129548095351,0.689938488046494
-1.728774098,"Growth",1340,"Yes",33,0,4.50861944969462,-6.23739354769462,-6.23804854633816,4.50927444833816
-3.320057885,"GRI",970,"No",59,21,-4.07470673193681,0.754648846936806,0.887638965485215,-4.20769685048522
2.788560477,"Growth",910,"No",38,1,0.469307234480582,2.31925324251942,2.2919939907404,0.496566486259601
-0.321832357,"GRI",1370,"Yes",62,6,-1.21385842408442,0.892026067084415,0.884389320846232,-1.20622167784623
-2.887376286,"Growth",987.4,"No",44,12,0.34695641477218,-3.23433270077218,-3.15766024093195,0.270283954931951
-1.893674727,"GRI",1160,"Yes",52,3,-1.28575414584673,-0.60792058115327,-0.633124065621624,-1.26055066137838
3.829800737,"Growth",1060,"Yes",43,4,1.95535033510542,1.87445040189458,1.87630350901855,1.95349722798145
0.601085899,"GRI",1375,"Yes",47,0,0.383861160188437,0.217224738811563,0.184241898584376,0.416844000415624
4.52847475,"GRI",1035,"Yes",43,2,-0.98849563388816,5.51697038388816,5.49700966584529,-0.96853491584529
2.857921884,"Growth",1152,"Yes",52,2,1.44931480526341,1.40860707873659,1.37222306426252,1.48569881973748
-1.871809134,"GRI",1235,"Yes",41,1,0.294613970830358,-2.16642310483036,-2.18148128132808,0.309672147328085
-7.872034938,"GRI",1170,"Yes",49,2,-0.915716214637468,-6.95631872336253,-6.98403813846787,-0.887996799532129
-4.559926239,"Growth",1070,"No",60,3,-1.04486640737378,-3.51505983162622,-3.567338787858,-0.992587451142001
-0.983435943,"Growth",1330,"Yes",33,1,4.46525789539915,-5.44869383839915,-5.43944291778941,4.45600697478941
-2.042126861,"Growth",1000,"Yes",36,5,2.40529581839461,-4.44742267939461,-4.42102082038309,2.37889395938309
-2.222727657,"GRI",1170,"Yes",49,6,-0.874012158314693,-1.34871549868531,-1.33473085746787,-0.887996799532127
-0.896231951,"Growth",897.2,"No",37,3,0.530203300758405,-1.42643525175841,-1.43104486721636,0.534812916216365
10.07295265,"Growth",1100,"Yes",36,6,2.95359751623698,7.11935513376302,7.16138395512938,2.91156869487062
2.645086901,"Growth",996.2,"Yes",51,6,0.761900671923422,1.88318622907658,1.88286652305291,0.762220377947085
3.658862686,"GRI",1055,"No",41,1,-1.86597442087054,5.52483710687054,5.49806768153584,-1.83920499553584
-5.058222306,"Growth",1072,"No",44,10,0.781147215073172,-5.83936952107317,-5.7791490871544,0.720926781154397
12.85785054,"Growth",1120,"Yes",45,1,2.02901345184448,10.8288370881555,10.7976060629244,2.06024447707563
-4.026406268,"GRI",1375,"Yes",38,3,1.39516833317188,-5.42157460117188,-5.40110943330811,1.37470316530811
6.161432958,"Growth",1355,"Yes",45,6,3.34515137908789,2.81628157891211,2.84940285252869,3.31203010547131
-5.022621111,"Growth",1095,"No",47,0,0.473922104617632,-5.49654321561763,-5.54677669301903,0.52415558201903
-2.402952337,"Growth",1055,"No",43,3,0.725618375906757,-3.12857071290676,-3.13975320922068,0.736800872220682
0.36122628,"GRI",1269,"No",36,1,-0.170459829430909,0.531686109430909,0.528363361096721,-0.167137081096721
-0.656450783,"Growth",1170,"Yes",30,0,3.92090716421356,-4.57735794721356,-4.57946456930687,3.92301378630687
-5.413632496,"Growth",975,"No",37,1,0.927818554563602,-6.3414510505636,-6.36286635642566,0.949233860425656
-3.158192654,"GRI",1152,"Yes",50,3,-1.11099994927181,-2.04719270472819,-2.06788560598095,-1.09030704801905
-4.791835622,"Growth",1370,"Yes",62,0,1.51211051132319,-6.30394613332319,-6.37447740410863,1.58264178210863
6.68971495,"Growth",1348,"Yes",33,3,4.58292754663764,2.10678740336236,2.13782652282283,4.55188842717717
-1.105145278,"Growth",1170,"No",44,3,1.23528328659476,-2.34042856459476,-2.34809329993217,1.24294802193217
5.756605158,"Growth",1245,"No",49,3,1.09422942122637,4.66237573677363,4.64629506494802,1.11031009305198
-7.375069939,"Growth",1030,"Yes",52,3,0.80353248515486,-8.17860242415486,-8.2109055814427,0.835835642442704
-2.636023195,"GRI",1300,"Yes",48,4,-0.0867336719479734,-2.54928952305203,-2.54693234770082,-0.0890908472991834
1.03734655,"GRI",1125,"Yes",34,3,0.486047626319402,0.551298923680598,0.568615039014033,0.468731510985967
-1.415096033,"GRI",1290,"No",46,3,-1.12557516405886,-0.289520868941143,-0.295532685364006,-1.11956334763599
-2.132827647,"Growth",1080,"Yes",28,1,3.6650293141846,-5.7978569611846,-5.78929176356643,3.65646411656643
-1.619109209,"GRI",950,"No",38,2,-2.09364149782582,0.47453228882582,0.460117870500247,-2.07922707950025
1.585507547,"Growth",1120,"No",48,0,0.499498899920121,1.08600864707988,1.03461207720825,0.550895469791745
-0.207206829,"GRI",917.4,"Yes",34,0,-0.661860335411919,0.454653506411919,0.429894410886129,-0.637101239886129
-0.347380567,"Growth",1345,"Yes",48,1,2.91255736339447,-3.25993793039447,-3.28685681062506,2.93947624362506
-4.642063079,"Growth",825,"Yes",36,1,1.4223093154889,-6.0643723944889,-6.08877625127993,1.44671317227993
3.649823405,"Growth",1160,"Yes",52,2,1.49234485996434,2.15747854503566,2.12151060642352,1.52831279857648
4.474920296,"Growth",1370,"Yes",46,5,3.30651459193352,1.16840570406648,1.18941777630473,3.28550251969527
9.791252797,"Growth",1170,"Yes",30,0,3.92090716421356,5.87034563278644,5.86823901069313,3.92301378630687
-1.908271705,"Growth",1258,"No",40,1,2.12333036269536,-4.03160206769536,-4.04568867855785,2.13741697355785
2.977454839,"Growth",1310,"No",32,0,3.26373670927417,-0.286281870274168,-0.288383365804682,3.26583820480468
-1.894536774,"GRI",1120,"Yes",60,1,-2.39289345261622,0.498356678616218,0.430514150366707,-2.32505092436671
-4.431314435,"Growth",985,"No",39,1,0.763821871663911,-5.19513630666391,-5.22095817677608,0.789643741776078
8.348217113,"GRI",1281,"Yes",27,0,2.05610053021104,6.29211658278896,6.30351144195934,2.04470567104066
-4.61715557,"GRI",1160,"Yes",53,4,-1.38422025740397,-3.23293531259604,-3.25017611252246,-1.36697945747754
-0.249782664,"Growth",1269,"No",46,4,1.56042197632365,-1.81020464032365,-1.80722108186648,1.55743841786648
-4.029898446,"GRI",1120,"Yes",61,2,-2.49135956417345,-1.53853888182655,-1.59841872553413,-2.43147972046587
-1.322291794,"Growth",1080,"Yes",30,3,3.46809709107013,-4.79038888507013,-4.7658983183681,3.4436065243681
-2.397454609,"GRI",985,"Yes",32,1,-0.0700461078324746,-2.32740850116753,-2.33329908250177,-0.0641555264982334
-4.054288731,"Growth",1151,"No",51,1,0.349989999053149,-4.40427873005315,-4.45102698049538,0.396738249495381
-9.371441328,"Growth",1120,"Yes",62,24,0.417645639855651,-9.78908696785565,-9.62239627138982,0.25095494338982
13.07625113,"Growth",1235,"Yes",30,1,4.28095237273934,8.79529875726065,8.80699876562624,4.26925236437376
-1.816211551,"GRI",1300,"Yes",35,1,1.29758591910302,-3.11379747010302,-3.11069505298997,1.29448350198997
-1.726005177,"Growth",1025,"Yes",50,9,1.0569790367268,-2.7829842137268,-2.74806467486666,1.02205949786666
-4.237803502,"Growth",1216,"Yes",36,4,3.55668128123913,-7.79448478323913,-7.76727489003614,3.52947138803614
4.637776971,"Growth",1050,"No",32,2,1.8861119596552,2.7516650113448,2.75689307846288,1.88088389253712
-9.94643956,"GRI",831,"Yes",51,2,-2.95689903386541,-6.98954052613459,-7.03981781496684,-2.90662174503316
3.196796672,"Growth",1250,"Yes",50,2,2.19421722662571,1.00257944537429,0.976219019286417,2.22057765271358
1.967552453,"GRI",1281,"Yes",27,0,2.05610053021104,-0.0885480772110383,-0.0771532180406595,2.04470567104066
-1.026483427,"GRI",1230,"Yes",40,4,0.407890354522284,-1.43437378152228,-1.41595063365287,0.389467206652874
3.471655223,"Growth",1041,"Yes",49,4,1.19980120136312,2.27185402163688,2.25793897135617,1.21371625164383
-3.459341111,"Growth",1330,"Yes",50,16,2.77048197076477,-6.22982308176477,-6.1060585521036,2.6467174411036
4.279730266,"GRI",1005,"Yes",51,4,-2.0001433159587,6.2798735819587,6.25949797128487,-1.97976770528487
2.470408438,"Growth",987.4,"No",38,6,0.937753084115589,1.53265535388441,1.56155170647306,0.908856731526943
0.624945825,"Growth",1041,"Yes",49,7,1.23107924360521,-0.606133418605206,-0.588770426643827,1.21371625164383
2.812302834,"GRI",1195,"Yes",55,1,-1.44502606160532,4.25732889560532,4.20570372625524,-1.39340089225524
0.49866597,"Growth",1105,"Yes",41,2,2.39432661591264,-1.89566064591264,-1.90739248114916,2.40605845114916
-3.779896712,"GRI",950,"No",51,8,-3.44668304663473,-0.333213665365269,-0.317095283210604,-3.4628014287894
-3.993785751,"GRI",952,"No",59,29,-4.08811624236836,0.0943304913683566,0.309792551872969,-4.30357830287297
-1.2419196,"GRI",1085,"Yes",42,3,-0.600239652288698,-0.641679947711302,-0.646150847997636,-0.595768752002364
7.499405468,"Growth",1355,"No",29,1,3.8428831579614,3.6565223100386,3.67457724392844,3.82482822407156
8.072922109,"GRI",1050,"Yes",41,0,-0.710882058209437,8.78380416720944,8.74869822232383,-0.675776113323828
-3.67891144,"GRI",1290,"Yes",44,1,0.263769219985494,-3.94268065998549,-3.96226830354873,0.283356863548727
-5.837178167,"GRI",831,"Yes",53,3,-3.16425727106057,-2.67292089593943,-2.71769882976851,-3.11947933723149
-0.038528261,"Growth",1330,"Yes",34,2,4.36679178384192,-4.40532004484191,-4.38810643969025,4.34957817869025
2.814737153,"Growth",1120,"Yes",44,0,2.12747956340172,0.687257589598283,0.648063879825204,2.1666732731748
-1.30752908,"Growth",1045,"Yes",45,3,1.64645871718461,-2.95398779718461,-2.96826750545999,1.66073842545999
-4.401737985,"GRI",1235,"No",33,1,-0.0266611849960929,-4.37507680000391,-4.37277788213502,-0.0289601028649829
1.625695788,"Growth",1330,"No",45,1,1.96614022681412,-0.340444438814123,-0.363103014613038,1.98879880261304
-5.314072013,"GRI",1008,"No",34,0,-1.36695712685372,-3.94711488614628,-3.96951146447918,-1.34456054852082
3.181106801,"GRI",1120,"No",66,2,-4.22823235329298,7.40933915429298,7.33479312094809,-4.15368631994809
-1.676104406,"Growth",987.4,"No",41,9,0.642354749443885,-2.31845915544389,-2.26567474922945,0.589570343229448
6.765343476,"GRI",1300,"Yes",36,2,1.19911980754578,5.56622366845422,5.5772887701092,1.1880547058908
-5.521473167,"GRI",940,"No",47,3,-3.11703218286265,-2.40444098413735,-2.43111944905851,-3.09035371794149
7.837664126,"Growth",1120,"Yes",46,2,1.93054734028725,5.90711678571275,5.88384844502353,1.95381568097647
-1.08089269,"Growth",996.2,"No",45,6,0.222841264821116,-1.30373395482112,-1.29162322555569,0.210730535555689
8.814665015,"Growth",950,"Yes",51,2,0.471698049702752,8.34296696529725,8.29854036484815,0.516124650151852
-2.615077338,"GRI",1225,"Yes",56,9,-1.30914736946919,-1.30592996853081,-1.27505007029185,-1.34002726770815
-8.684397789,"Growth",996.2,"No",35,0,1.24920643671624,-9.93360422571624,-9.95941628554734,1.27501849654734
8.760834021,"Growth",996.2,"Yes",48,3,1.05729900659513,7.70353501440487,7.67932725475542,1.08150676624458
-0.387378701,"Growth",1015,"Yes",66,35,-0.468006175758191,0.0806274747581905,0.34669001226874,-0.73406871326874
-3.475700725,"Growth",1120,"Yes",40,1,2.57347408003412,-6.04917480503412,-6.06808918257146,2.59238845757146
-5.80656331,"Growth",1055,"No",43,2,0.715192361826064,-6.52175567182606,-6.54336418222068,0.736800872220683
3.679571731,"Growth",1170,"Yes",29,1,4.04022530393218,-0.360653572932181,-0.349870851406036,4.02944258240604
-0.611862929,"GRI",1025,"No",37,1,-1.59176862344733,0.979905694447328,0.96142930278544,-1.57329223178544
4.827277935,"Growth",967.2,"Yes",32,1,2.62273704034972,2.20454089465028,2.19738610446015,2.62989183053985
-0.246128483,"GRI",952,"No",77,11,-6.23584275730357,5.98971427430357,5.97316814965794,-6.21929663265794
3.276412481,"GRI",1030,"No",56,1,-3.63382522637989,6.91023770737989,6.84521810189521,-3.56880562089521
-1.291461265,"GRI",970,"Yes",47,8,-1.7111272464008,0.419665981400801,0.449027413308841,-1.74048867830884
5.783283121,"Growth",1105,"Yes",41,2,2.39432661591264,3.38895650508736,3.37722466985084,2.40605845114916
1.369734033,"GRI",1420,"No",32,0,1.06687494152024,0.302859091479756,0.306817079113901,1.0629169538861
2.015142534,"Growth",1269,"Yes",42,4,3.18840263980525,-1.17326010580525,-1.15807368724953,3.17321622124953
3.819311957,"Growth",1120,"Yes",56,18,1.00844230919906,2.81086964780094,2.92978423701519,0.889527719984812
-2.691399221,"Growth",978,"No",33,0,1.36909731354747,-4.06049653454747,-4.08232850788694,1.39092928688694
5.220886446,"Growth",1269,"Yes",48,0,2.4933458296549,2.7275406163451,2.68624300134546,2.53464344465454
-1.934291921,"GRI",994,"No",49,6,-3.01308552266512,1.07879360166512,1.08127503197656,-3.01556695297656
1.500117857,"GRI",1045,"Yes",31,1,0.36157142806246,1.13854642893754,1.13823974610655,0.361878110893445
4.529511888,"GRI",1330,"Yes",34,2,1.57826676395015,2.95124512404985,2.96879716926461,1.56071471873539
-1.821754951,"GRI",1222,"Yes",48,0,-0.547980761604856,-1.27377418939514,-1.31717781002055,-0.504577140979451
2.196989552,"GRI",1075,"Yes",30,0,0.621400244748198,1.5755893072518,1.56888022436113,0.628109327638868
1.543326103,"Growth",1050,"No",47,0,0.231878046924877,1.31144805607512,1.25887415195036,0.284451951049645
0.113201214,"GRI",1170,"Yes",48,5,-0.775546046757459,0.888747260757459,0.894769217432962,-0.781568003432962
4.492736959,"Growth",1269,"No",43,1,1.85582031099536,2.63691664800464,2.61601215283602,1.87672480616398
1.535939016,"Growth",1265,"Yes",64,0,0.729556792097571,0.806382223902429,0.725463298351604,0.810475717648396
-4.978804011,"GRI",1120,"Yes",36,6,0.272647633097543,-5.25145164409754,-5.20804419301326,0.22924018201326
7.886847262,"GRI",1150,"Yes",29,0,1.13369913320738,6.75314812879262,6.75280308664632,1.13404417535367
4.681909634,"Growth",1235,"Yes",29,0,4.37941848429658,0.302491149703423,0.306228473527074,4.37568116047293
4.419935728,"GRI",939.4,"Yes",47,3,-1.92784727603534,6.34778300403534,6.32342287536802,-1.90348714736802
6.742413427,"Growth",1165,"Yes",49,18,2.01273124635732,4.72968218064268,4.86818050335165,1.87423292364835
6.615563857,"Growth",1009,"Yes",31,0,2.94603518771933,3.66952866928067,3.6565851909272,2.9589786660728
-2.013663914,"GRI",1085,"Yes",48,1,-1.27444443427766,-0.73921947972234,-0.779322385402644,-1.23434152859736
7.406539102,"Growth",1150,"No",30,5,2.67304993693481,4.73348916506519,4.78012288177702,2.62641622022298
-1.691529525,"Growth",996.2,"No",35,3,1.28048447895832,-2.97201400395832,-2.96654802154734,1.27501849654734
0.585221728,"Growth",1269,"Yes",44,2,2.949766360368,-2.364544632368,-2.3751369010512,2.9603586290512
7.64348845,"Growth",1150,"No",29,4,2.77151604849205,4.87197240150795,4.91064343367786,2.73284501632214
8.090487603,"Growth",1170,"Yes",36,4,3.30925846670876,4.78122913629124,4.80604659328812,3.28444100971188
1.871617963,"GRI",1290,"Yes",40,0,0.688911708456514,1.18270625454349,1.16254591505461,0.709072047945387
-5.726047458,"GRI",1235,"No",47,1,-1.5511509439271,-4.1748965140729,-4.2070842097467,-1.5189632482533
5.113170586,"Growth",1216,"Yes",33,1,3.85207961591084,1.26109097008916,1.26441280966636,3.84875777633364
-3.005607145,"Growth",1265,"No",42,5,1.9849014656056,-4.9905086106056,-4.96745375784364,1.96184661284364
-0.073971033,"Growth",920,"Yes",55,2,-0.125233157977465,0.0512621249774654,-0.00457807810893299,-0.069392954891067
7.099706864,"GRI",1375,"Yes",37,2,1.49363444472911,5.60607241927089,5.61857490259272,1.48113196140728
-5.557905596,"GRI",1120,"Yes",44,0,-0.661045456490051,-4.89686013950995,-4.93571540921994,-0.622190186780062
-1.441114879,"Growth",825,"Yes",35,0,1.52077542704613,-2.96189030604613,-2.99425684737909,1.55314196837909
-4.361485416,"GRI",967.2,"No",44,1,-2.66490564812708,-1.69657976787292,-1.73530561440861,-2.62617980159138
-11.50136996,"GRI",1025,"No",42,6,-2.0840991812335,-9.4172707787665,-9.39593374771873,-2.10543621228127
-7.837511618,"Growth",1145,"No",44,9,1.1633704501385,-9.0008820681385,-8.94729095606029,1.10977933806029
-0.003736745,"GRI",1095,"Yes",37,3,-0.00199145572288657,-0.00174528927711343,0.00662055295778527,-0.0103572979577853
2.293132743,"Growth",1370,"Yes",30,1,5.00708454581761,-2.7139518028176,-2.69523051428192,4.98836325728192
-0.786263513,"GRI",1355,"No",44,3,-0.55817171833791,-0.22809179466209,-0.225796335629226,-0.560467177370774
8.861132955,"Growth",1235,"Yes",33,4,3.98555403806764,4.87557891693236,4.91116697892373,3.94996597607627
-0.052808233,"Growth",1015,"Yes",62,31,-0.0741417295292511,0.0213334965292511,0.255545295872078,-0.308353528872078
-1.610881166,"GRI",970,"Yes",33,0,-0.270045600115349,-1.34083556588465,-1.36039563307947,-0.250485532920527
5.103184632,"Growth",1290,"Yes",29,0,4.6752501103655,0.4279345216345,0.434532367008936,4.66865226499106
4.196816698,"Growth",1165,"Yes",46,15,2.30812958102902,1.88868711697098,2.00329738605415,2.19351931194585
-0.140232077,"Growth",952,"Yes",43,3,1.36401858256211,-1.50425065956211,-1.51844059065492,1.37820851365492
3.024494801,"GRI",1150,"Yes",47,6,-0.763803043791172,3.78829784479117,3.8061689554313,-0.781674154431301
-2.287995964,"Growth",950,"Yes",55,4,0.0569815753124256,-2.34497753931243,-2.37840542975519,0.0904094657551897
-4.024585228,"GRI",1195,"Yes",58,4,-1.74042439627702,-2.28416083172298,-2.31189794744727,-1.71268728055273
-3.559640266,"Growth",1040,"No",34,0,1.59368811184178,-5.15332837784178,-5.17439909279004,1.61475882679004
-2.483500305,"GRI",1120,"Yes",58,7,-2.1125531168562,-0.370947188143803,-0.371306972831623,-2.11219333216838
5.844039351,"Growth",1370,"Yes",43,2,3.60191292660522,2.24212642439478,2.23925044300723,3.60478890799277
-0.488654615,"GRI",1335,"Yes",58,0,-1.02910249533345,0.54044788033345,0.478288035870203,-0.966942650870203
-3.573987137,"Growth",1195,"Yes",38,3,3.21551712229263,-6.78950425929263,-6.77873923838543,3.20475210138543
-0.505095346,"GRI",1055,"No",48,6,-2.57608922993257,2.07099388393257,2.07911122223,-2.58420656823
-6.259277006,"GRI",1005,"Yes",53,6,-2.19707553907317,-4.06220146692683,-4.0666517085168,-2.1926252974832
2.725027711,"Growth",1230,"Yes",41,3,3.07709723469543,-0.352069523695429,-0.346874159508566,3.07190187050857
-4.2877861,"GRI",1120,"Yes",61,10,-2.4079514515279,-1.8798346484721,-1.85630637953413,-2.43147972046587
13.13039719,"Growth",855,"Yes",33,1,1.91034839753119,11.2200487924688,11.2045952087763,1.92580198122368
1.903898632,"Growth",985,"No",38,0,0.862287983221146,1.04161064877885,1.00782609412476,0.896072537875244
4.941238758,"Growth",1145,"Yes",41,3,2.619902903498,2.321335854502,2.32211041265583,2.61912834534417
-14.05575529,"GRI",1120,"Yes",60,3,-2.37204142445483,-11.6837138655452,-11.7307043656333,-2.32505092436671
3.746445159,"Growth",1269,"Yes",43,10,3.14206659865148,0.604378560348517,0.679657733849631,3.06678742515037
4.378647505,"GRI",1300,"Yes",49,5,-0.185199783505209,4.56384728850521,4.57416714839835,-0.195519643398349
3.997977472,"Growth",1265,"Yes",65,1,0.631090680540335,3.36688679145967,3.29393055045077,0.704046921549231
0.309021896,"Growth",1152,"Yes",49,1,1.7655651680965,-1.4565432720965,-1.49596331203498,1.80498520803498
2.381624564,"GRI",917.4,"Yes",30,3,-0.195013790618122,2.57663835461812,2.59301061948947,-0.211386055489467
1.066074183,"Growth",1070,"No",33,1,1.87436895668891,-0.80829477368891,-0.814915860535464,1.88099004353546
8.825703403,"Growth",1269,"Yes",46,13,2.84666826397978,5.97903513902022,6.07820236614713,2.74750103685287
-1.302194007,"GRI",1141,"No",28,0,0.00177028637688248,-1.30396429337688,-1.30466363327257,0.00246962627257363
-2.249892111,"Growth",1120,"No",33,0,2.13288078448905,-4.38277289548905,-4.39721952227922,2.14732741127923
2.647169463,"Growth",1345,"Yes",47,0,3.0110234749517,-0.363854011951702,-0.398735576724225,3.04590503972423
-3.219329305,"GRI",1120,"Yes",60,2,-2.38246743853552,-0.836861866464475,-0.894278380633293,-2.32505092436671
-1.953996098,"GRI",1230,"Yes",44,7,0.00359989421265117,-1.95759599221265,-1.91774812025621,-0.0362479777437872
-3.879922602,"GRI",970,"No",60,22,-4.17317284349404,0.29325024149404,0.434203044584379,-4.31412564658438
6.944831388,"Growth",1120,"Yes",45,1,2.02901345184448,4.91581793615552,4.88458691092437,2.06024447707563
-3.261594923,"GRI",1235,"No",48,2,-1.64961705548433,-1.61197786751567,-1.63620287864754,-1.62539204435246
0.132077116,"Growth",1120,"No",57,6,-0.417974146337074,0.550051262337074,0.539040811100743,-0.406963695100743
-3.813671865,"Growth",1235,"No",48,0,1.11805593624605,-4.93172780124605,-4.97714328060239,1.16347141560239
0.229646889,"Growth",1370,"No",73,12,-0.753002862655581,0.982649751655581,1.00778448296858,-0.778137593968582
-0.035726231,"Growth",917.7,"Yes",28,0,2.78163106535871,-2.81735729635871,-2.82765925187018,2.79193302087018
0.00931848,"GRI",1345,"Yes",48,0,0.113606329422006,-0.104287849422006,-0.141294303670202,0.150612783670202
-0.05447623,"Growth",1265,"No",61,0,-0.136178991918523,0.0817027619185225,0.00582428304049656,-0.0603005130404966
5.161285246,"Growth",1216,"Yes",32,0,3.95054572746807,1.21073951853193,1.2060986735672,3.9551865724328
-3.069000153,"Growth",1095,"Yes",51,2,1.25161779115718,-4.32061794415718,-4.35750316960876,1.28850301660876
-0.533419182,"Growth",1015,"No",37,1,1.14296882806827,-1.67638801006827,-1.69572293662067,1.16230375462067
-5.392321445,"GRI",985,"Yes",32,4,-0.0387680655903919,-5.35355337940961,-5.32816591850177,-0.064155526498233
-9.975639648,"GRI",1085,"Yes",44,5,-0.797171875403167,-9.17846777259683,-9.1670133037993,-0.808626344200695
-1.196119022,"Growth",1235,"Yes",34,5,3.8870879265104,-5.0832069485104,-5.0396562019771,3.8435371799771
-2.339494775,"GRI",1170,"Yes",50,7,-0.972478269871928,-1.36701650512807,-1.34506917936871,-0.994425595631293
-2.144686122,"GRI",1300,"Yes",50,6,-0.283665895062442,-1.86102022693756,-1.84273768250249,-0.301948439497514
4.577129525,"GRI",1095,"Yes",41,7,-0.395855901951826,4.97298542695183,5.01320200735445,-0.436072482354447
0.789049564,"Growth",1340,"No",54,0,1.02947265036824,-0.240423086368237,-0.295157547269302,1.0842071112693
8.917979676,"Growth",1370,"Yes",46,1,3.26481053561075,5.65316914038925,5.63247715630473,3.28550251969527
0.69561573,"Growth",1041,"Yes",47,5,1.42801146671968,-0.732395736719675,-0.730958113842157,1.42657384384216
-2.007982756,"GRI",1269,"Yes",38,1,0.804168080223113,-2.81215083622311,-2.81805070169134,0.810067945691338
4.685778624,"Growth",1015,"Yes",32,0,2.8694156031071,1.8163630208929,1.80126826989712,2.88451035410288
3.087603843,"GRI",1030,"No",44,15,-2.18115552159503,5.26875936459503,5.37926391070522,-2.29166006770522
-0.152853104,"GRI",1330,"Yes",37,0,1.23073835887497,-1.38359146287497,-1.39428143443789,1.24142833043789
-5.564224003,"GRI",1160,"Yes",50,1,-1.08882192273226,-4.47540208026774,-4.51653093381995,-1.04769306918005
4.009706379,"GRI",1120,"No",64,0,-4.03130013017851,8.04100650917851,7.95053510674976,-3.94082872774976
6.223502524,"GRI",1016,"Yes",43,4,-1.06983998564149,7.29334250964149,7.29324563958792,-1.06974311558792
-0.969245006,"Growth",1230,"Yes",45,7,2.68323278846649,-3.65247779446649,-3.6154316921119,2.6461866861119
-9.909686577,"GRI",1060,"No",41,5,-1.79737658035968,-8.11230999664032,-8.09711531823853,-1.81257125876147
3.84853013,"GRI",1050,"Yes",44,3,-1.00628039288114,4.85481052288114,4.84359263162133,-0.995062501621328
-1.849938792,"Growth",1170,"No",51,7,0.51474246345203,-2.36468125545203,-2.34788524123801,0.49794644923801
-3.377164207,"Growth",950,"Yes",51,0,0.450846021541365,-3.82801022854137,-3.89328885715185,0.516124650151851
-3.099499723,"Growth",1250,"No",53,0,0.654276660620657,-3.75377638362066,-3.8107283684297,0.711228645429698
0.556629318,"Growth",994,"Yes",56,10,0.247310835013798,0.309318482986202,0.338271764729466,0.218357553270534
8.483007301,"GRI",960,"Yes",35,0,-0.541617419767372,9.02462472076737,8.99961789966761,-0.51661059866761
1.617994923,"GRI",1290,"No",67,11,-3.32890168980981,4.94689661280981,4.97256298871847,-3.35456806571847
-3.458645897,"Growth",1310,"Yes",30,0,4.67393312147991,-8.13257901847991,-8.1274043129894,4.6687584159894
-1.154618361,"Growth",1330,"No",46,2,1.86767411525689,-3.02229247625689,-3.03698836751387,1.88237000651387
5.58707112,"Growth",1100,"Yes",34,4,3.15052973935145,2.43654138064855,2.46264483293106,3.12442628706894
0.35555457,"Growth",1074,"Yes",35,0,2.8600858796127,-2.5045313096127,-2.52394748974302,2.87950205974302
14.495283,"Growth",1120,"Yes",49,4,1.62472299153485,12.8705600084652,12.860753707321,1.63452929267897
8.397851125,"Growth",1370,"Yes",45,4,3.40498070349076,4.99287042150925,5.00591980920556,3.39193131579444
1.563405777,"Growth",960,"Yes",36,1,2.14844148856716,-0.585035711567159,-0.602418288188083,2.16582406518808
4.098172839,"Growth",1120,"Yes",49,0,1.58301893521207,2.51515390378793,2.46364354632103,1.63452929267897
-4.240217364,"GRI",950,"No",48,5,-3.15128471196303,-1.08893265203697,-1.0967023235081,-3.1435150404919
2.090701633,"Growth",1072,"Yes",47,1,1.55304887236302,0.537652760636981,0.498998621156711,1.59170301184329
-1.154621033,"Growth",1150,"No",34,9,2.27918549070587,-3.43380652370587,-3.35532206882632,2.20070103582632
9.69201853,"Growth",1330,"No",46,2,1.86767411525689,7.82434441474311,7.80964852348613,1.88237000651387
-0.022754539,"Growth",1269,"Yes",45,1,2.83044822064938,-2.85320275964938,-2.87668437195204,2.85392983295204
3.662862563,"GRI",1009,"No",45,2,-2.53853972387193,6.20140228687193,6.17281312125677,-2.50995055825677
-6.167253576,"Growth",1155,"Yes",49,6,1.83383150901282,-8.00108508501282,-7.9882190260996,1.8209654500996
2.206628791,"Growth",1340,"Yes",35,2,4.31168722658015,-2.10505843558015,-2.08978806513983,4.29641685613983
-5.730611846,"GRI",970,"Yes",42,0,-1.25007473085671,-4.48053711514329,-4.52226714818699,-1.20834469781301
1.528478301,"GRI",1080,"No",56,6,-3.31275731409559,4.84123561509559,4.83094655415144,-3.30246825315144
-1.120314077,"Growth",1016,"Yes",49,1,1.03405423818062,-2.15436831518062,-2.20086164477195,1.08054756777195
0.64867303,"GRI",996.2,"No",54,5,-3.55613889989271,4.20481192989271,4.18466511929166,-3.53599208929166
2.869559907,"Growth",994,"Yes",58,12,0.0503786118993279,2.81918129510067,2.8640599459278,0.00549996107220352
-12.36855427,"GRI",1050,"No",54,4,-3.27718779610962,-9.09136647389039,-9.11914118840063,-3.24941308159937
-4.66397414,"Growth",1120,"No",64,2,-1.22192308212535,-3.44205105787465,-3.5120088722051,-1.1519652677949
6.606255005,"Growth",1145,"Yes",42,4,2.52143679194077,4.08481821305923,4.09355545575499,2.51269954924501
5.062881078,"Growth",1332,"Yes",48,12,2.95731967939308,2.10556139860692,2.19265254998832,2.87022852801168
-0.795362395,"Growth",940,"Yes",42,2,1.39793961206794,-2.19330200706794,-2.21607873649559,1.42071634149559
1.712628637,"GRI",970,"Yes",35,2,-0.466977823229819,2.17960646022982,2.17597176211886,-0.463343125118858
3.705690473,"Growth",1265,"Yes",48,0,2.47183080230443,1.23385967069557,1.19235401776496,2.51333645523504
-2.035629153,"GRI",1145,"No",46,4,-1.89506889143259,-0.140560261567406,-0.143687438907098,-1.8919417140929
7.805050786,"Growth",1215,"Yes",49,9,2.18783496151191,5.61721582448809,5.66448049460789,2.14057029139211
2.259191926,"Growth",1040,"No",47,3,0.209368520790791,2.04982340520921,2.02800744849911,0.231184477500892
-7.267766054,"GRI",1060,"No",35,2,-1.17530186877419,-6.09246418522581,-6.09376757183352,-1.17399848216648
-2.404236679,"GRI",950,"No",52,9,-3.54514915819197,1.14091247919197,1.16499354588856,-3.56923022488856
6.652461772,"Growth",1330,"Yes",51,17,2.67201585920753,3.98044591279247,4.11217312699556,2.54028864500444
-1.185140926,"GRI",1055,"No",53,11,-3.06841978771875,1.88327886171875,1.93120962272583,-3.11635054872583
-2.668555639,"GRI",996.2,"No",42,3,-2.27028542039895,-0.398270218601053,-0.409709102898327,-2.25884653610167
-5.288401109,"GRI",1055,"No",54,12,-3.16688589927598,-2.12151520972402,-2.06562176417501,-3.22277934482499
5.232267372,"Growth",1050,"No",29,1,2.20236232248829,3.02990504951171,3.03209709116538,2.20017028083462
-1.296748336,"Growth",1235,"No",50,0,0.900271684970191,-2.19702002097019,-2.24736215940406,0.950613823404065
4.148741876,"GRI",952,"No",56,26,-3.79271790769665,7.94145978369665,8.13303379057547,-3.98429191457547
-1.236330374,"GRI",1235,"No",49,3,-1.74808316704157,0.511752793041566,0.495490466451628,-1.73182084045163
0.089287095,"GRI",970,"Yes",50,11,-2.00652558107251,2.09581267607251,2.14906216160634,-2.05977506660634
1.353851341,"GRI",1060,"No",39,3,-1.60044435724521,2.95429569824521,2.95356500756314,-1.59971366656314
3.571332485,"Growth",1050,"No",33,3,1.78764584809796,1.78368663690204,1.79687738856204,1.77445509643796
0.651790075,"Growth",1070,"No",67,25,-1.57773897706402,2.22952905206402,2.38937909883616,-1.73758902383616
0.488981651,"Growth",1070,"No",58,1,-0.847934184259311,1.33691583525931,1.26871150994367,-0.779729858943669
-0.774059024,"Growth",1330,"Yes",33,1,4.46525789539915,-5.23931691939915,-5.23006599878941,4.45600697478941
6.563277979,"Growth",1145,"Yes",38,0,2.91530123816971,3.64797674083029,3.62486324535833,2.93841473364167
8.591016717,"Growth",1220,"Yes",47,5,2.39080894065308,6.20020777634692,6.21095509663518,2.38006162036482
4.815628265,"Growth",1000,"Yes",31,0,2.89762637618078,1.91800188881922,1.90459032512108,2.91103793987892
-0.355492916,"Growth",1355,"No",56,0,0.89236975165663,-1.24786266765663,-1.3067436453941,0.9512507293941
-0.030527168,"Growth",1070,"No",58,7,-0.785378099775148,0.754850931775148,0.749202690943669,-0.779729858943669
6.277551973,"Growth",1070,"No",34,0,1.75505081697029,4.52250115602971,4.5029907255637,1.7745612474363
2.072835727,"GRI",970,"Yes",35,1,-0.477403837310512,2.55023956431051,2.53617885211886,-0.463343125118857
5.208787461,"Growth",1355,"Yes",44,5,3.44361749064513,1.76516997035487,1.79032855942953,3.41845890157047
0.258669502,"Growth",1070,"No",34,0,1.75505081697029,-1.49638131497029,-1.5158917454363,1.7745612474363
-0.814387791,"Growth",1335,"No",52,3,1.25164115969809,-2.06602895069809,-2.08481875769326,1.27043096669326
-5.639388791,"Growth",1335,"No",52,0,1.22036311745601,-6.85975190845601,-6.90981975769326,1.27043096669326
8.495559934,"Growth",952,"Yes",31,4,2.68115010429795,5.81440982970205,5.84020586715509,2.65535406684491
-0.472487488,"GRI",1340,"No",63,16,-2.57226527497379,2.09977778697379,2.19002802557804,-2.66251551357804
4.460521846,"Growth",825,"Yes",33,3,1.76983772056407,2.69068412543593,2.69452228542257,1.76599956057742
3.757527025,"Growth",1160,"Yes",47,0,2.0159534599926,1.7415735650074,1.69707024592769,2.06045677907231
7.738077993,"Growth",1070,"No",34,2,1.77590284513167,5.96217514786833,5.9635167455637,1.7745612474363
